chr19	1004844
chr19	1005230
chr19	1006768
chr19	1006925
chr19	1007109
chr19	1007158
chr19	1007371
chr19	1004844
chr19	1005230
chr19	1006768
chr19	1006925
chr19	1007109
chr19	1007158
chr19	1007353
chr19	1007371
chr19	1040773
chr19	1043748
chr19	1044712
chr19	1040773
chr19	1043748
chr19	1044712
chr19	1040773
chr19	1043748
chr19	1044712
chr19	1045173
chr19	1047537
chr19	1048263
chr19	1057137
chr19	1058176
chr19	1061062
chr19	1061585
chr19	1062192
chr19	1064565
chr19	1045173
chr19	1047537
chr19	1048263
chr19	1057137
chr19	1058176
chr19	1061062
chr19	1061585
chr19	1062192
chr19	1064565
chr19	1069553
chr19	1070389
chr19	1070476
chr19	1072116
chr19	1072117
chr19	1075877
chr19	1045173
chr19	1047537
chr19	1048263
chr19	1057137
chr19	1058176
chr19	1061062
chr19	1061585
chr19	1062192
chr19	1064565
chr19	1069553
chr19	1070389
chr19	1070476
chr19	1072116
chr19	1072117
chr19	1075877
chr19	1073073
chr19	1073409
chr19	1074000
chr19	1073073
chr19	1073409
chr19	1074000
chr19	1074252
chr19	1075979
chr19	1073409
chr19	1074000
chr19	1074252
chr19	1075979
chr19	1095514
chr19	1095716
chr19	1095823
chr19	1097373
chr19	1098809
chr19	1098917
chr19	1099069
chr19	1100074
chr19	1095030
chr19	1095061
chr19	1095122
chr19	1095352
chr19	1095355
chr19	1095430
chr19	1095581
chr19	1095646
chr19	1095753
chr19	1096044
chr19	1096529
chr19	1096911
chr19	1097006
chr19	1097295
chr19	1095030
chr19	1095061
chr19	1095122
chr19	1095352
chr19	1095355
chr19	1095430
chr19	1095581
chr19	1095646
chr19	1095753
chr19	1096044
chr19	1096529
chr19	1096911
chr19	1097006
chr19	1097295
chr19	1095030
chr19	1095061
chr19	1095122
chr19	1095352
chr19	1095355
chr19	1095430
chr19	1095581
chr19	1095646
chr19	1095753
chr19	1096044
chr19	1096529
chr19	1096911
chr19	1097006
chr19	1097295